[
    {"id": 1, "name": "assassinato", "texto": "destrua a criatura alvo", "custo": 3, "colors": ["preto"]},
    {"id": 2, "name": "exumação", "texto": "compre três cards e você pode por dois em seu cemitério. se fizer isso, compre dois cards.", "custo": 4, "colors": ["preto", "azul"]},
    {"id": 3, "name": "piromania", "texto": "piromancia causa 8 de dano a três criaturas alvo", "custo": 5, "colors": ["preto", "vermelho"]},
    {"id": 4, "name": "transfusão", "texto": "cause 4 de dano a um jogador ou criatura alvo e ganhe vida no mesmo valor", "custo": 7, "colors": ["preto", "branco"]},
    {"id": 5, "name": "sabedoria", "texto": "compre 9 cartas. oponentes descartam 9 cartas e sabedoria causa 2 de dano para cada jogador para cada carta que eles não puderem descartar.", "custo": 9, "colors": ["azul"]},
    {"id": 6, "name": "truque da mente", "texto": "compre uma carta e truque da mente causa 1 de dano a todos os oponentes", "custo": 1, "colors": ["azul", "vermelho"]},
    {"id": 7, "name": "mente crescente", "texto": "criatura alvo recebe +1/+1 para cada carta que você comprou essa rodada", "custo": 2, "colors": ["azul", "verde"]},
    {"id": 8, "name": "paz e amor", "texto": "todos compram três cards e recebem 40 de vida.", "custo": 9, "colors": ["azul", "branco"]},
    {"id": 9, "name": "poder redobrado", "texto": "dobre o poder e vida de criatura alvo", "custo": 3, "colors": ["vermelho", "verde"]},
    {"id": 10, "name": "exilio por fogo", "texto": "exilio por fogo causa 3 de dano a um alvo. exile uma criatura alvo", "custo": 5, "colors": ["vermelho", "branco"]},
    {"id": 11, "name": "transmutação", "texto": "criatura alvo recebe +5/+5 e voar até causar dano", "custo": 6, "colors": ["vermelho", "verde"]},
    {"id": 12, "name": "sobrevivente", "texto": "pelas próximas cinco rodadas você não pode perder", "custo": 9, "colors": ["branco"]},
    {"id": 13, "name": "segunda chance", "texto": "se criatura alvo fosse morrer dentro de duas rodadas, reviva ela com ímpeto", "custo": 1, "colors": ["branco", "vermelho"]},
    {"id": 14, "name": "mente transmutada", "texto": "todos os jogadores compram dois cards e os revelam", "custo":3, "colors": ["branco", "azul"]},
    {"id": 15, "name": "exilio crescente", "texto": "dê a criatura alvo 'exile criaturas que eu causar dano' por essa rodada.", "custo": 1, "colors": ["branco", "verde"]},
    {"id": 16, "name": "parasita crescente", "texto": "crie um token de raiz verde 1/1 com 'no inicio de sua próxima rodada, crie uma raiz verde 1/1 com o mesmo texto que eu'", "custo": 4, "colors": ["verde"]},
    {"id": 17, "name": "raiz parasita", "texto": "sacrifique quatro criaturas suas: destrua duas criaturas e seu controlador cria dois tokens de raizes verdes 1/1", "custo": 1, "colors": ["verde", "preto"]},
    {"id": 18, "name": "taxidermia predatória", "texto": "destrua a criatura alvo e crie um token que é uma cópia dela", "custo": 7, "colors": ["verde", "preto"]},
    {"id": 19, "name": "truqye perdido", "texto": "invoque uma criatura de seu cemitério e dobre seu poder e vida", "custo": 6, "colors": ["verde", "preto","azul"]},
    {"id": 20, "name": "encantamento crescente", "texto": "destrua uma criatura, seu controlador sofre 2 de dano e compra cards igual à vida da criatura destruida", "custo": 3, "colors": [ "preto","azul", "vermelho"]},
    {"id": 21, "name": "encantamento perdido", "texto": "você não tem limite de mão", "custo": 2, "colors": [""]},
    {"id": 22, "name": "eldrazi chamativo", "texto": "no inicio de seu turno, todos os oponentes perdem 10 de vida e descartam dois cards", "custo": 10, "colors": [""]},
    {"id": 23, "name": "truque perdido", "texto": "compre um card", "custo": 2, "colors": [""]}
]
